Filename,VisibleWingAreaInPixels,WingHeightInPixels,Cell,CellAreaInPixels,CellPerimeterInPixels
Round01-Hive01-2024_06_27-h01b01.JPG,155665.0,330,FWL,126597,1810
Round01-Hive01-2024_06_27-h01b01.JPG,155665.0,330,MC,17859,711
Round01-Hive01-2024_06_27-h01b01.JPG,155665.0,330,1sMC,5320,328
Round01-Hive01-2024_06_27-h01b01.JPG,155665.0,330,2sMC,6171,352
Round01-Hive01-2024_06_27-h01b01.JPG,155665.0,330,3sMC,7114,347
Round01-Hive01-2024_06_27-h01b01.JPG,155665.0,330,2MdC,18855,655
Round01-Hive01-2024_06_27-h01b19.JPG,171074.0,326,FWL,129998,1841
Round01-Hive01-2024_06_27-h01b19.JPG,171074.0,326,MC,15696,687
Round01-Hive01-2024_06_27-h01b19.JPG,171074.0,326,1sMC,5724,343
Round01-Hive01-2024_06_27-h01b19.JPG,171074.0,326,2sMC,6248,345
Round01-Hive01-2024_06_27-h01b19.JPG,171074.0,326,3sMC,6102,320
Round01-Hive01-2024_06_27-h01b19.JPG,171074.0,326,2MdC,18179,649
Round01-Hive01-2024_06_27-h01b42.JPG,167132.0,393,FWL,132276,2295
Round01-Hive01-2024_06_27-h01b42.JPG,167132.0,393,MC,18890,757
Round01-Hive01-2024_06_27-h01b42.JPG,167132.0,393,1sMC,6851,371
Round01-Hive01-2024_06_27-h01b42.JPG,167132.0,393,2sMC,7454,376
Round01-Hive01-2024_06_27-h01b42.JPG,167132.0,393,3sMC,8133,366
Round01-Hive01-2024_06_27-h01b42.JPG,167132.0,393,2MdC,22269,723
Round01-Hive02-2024_06_07-h02bee11.JPG,209535.0,419,FWL,205887,2269
Round01-Hive02-2024_06_07-h02bee11.JPG,209535.0,419,MC,26977,901
Round01-Hive02-2024_06_07-h02bee11.JPG,209535.0,419,1sMC,7953,395
Round01-Hive02-2024_06_07-h02bee11.JPG,209535.0,419,2sMC,9865,436
Round01-Hive02-2024_06_07-h02bee11.JPG,209535.0,419,3sMC,11261,432
Round01-Hive02-2024_06_07-h02bee11.JPG,209535.0,419,2MdC,28732,830
Round01-Hive02-2024_06_10-h02b10.JPG,207871.0,389,FWL,182308,2265
Round01-Hive02-2024_06_10-h02b10.JPG,207871.0,389,MC,22672,823
Round01-Hive02-2024_06_10-h02b10.JPG,207871.0,389,1sMC,7013,382
Round01-Hive02-2024_06_10-h02b10.JPG,207871.0,389,2sMC,8305,412
Round01-Hive02-2024_06_10-h02b10.JPG,207871.0,389,3sMC,9335,394
Round01-Hive02-2024_06_10-h02b10.JPG,207871.0,389,2MdC,25669,782
Round01-Hive02-2024_06_10-h02b14.JPG,230115.0,380,FWL,181212,2086
Round01-Hive02-2024_06_10-h02b14.JPG,230115.0,380,MC,21518,813
Round01-Hive02-2024_06_10-h02b14.JPG,230115.0,380,1sMC,6832,375
Round01-Hive02-2024_06_10-h02b14.JPG,230115.0,380,2sMC,8175,403
Round01-Hive02-2024_06_10-h02b14.JPG,230115.0,380,3sMC,8954,386
Round01-Hive02-2024_06_10-h02b14.JPG,230115.0,380,2MdC,25305,771
Round01-Hive02-2024_06_10-h02b42.JPG,186024.0,411,FWL,174837,2041
Round01-Hive02-2024_06_10-h02b42.JPG,186024.0,411,MC,20822,797
Round01-Hive02-2024_06_10-h02b42.JPG,186024.0,411,1sMC,6407,370
Round01-Hive02-2024_06_10-h02b42.JPG,186024.0,411,2sMC,7484,389
Round01-Hive02-2024_06_10-h02b42.JPG,186024.0,411,3sMC,8626,375
Round01-Hive02-2024_06_10-h02b42.JPG,186024.0,411,2MdC,24259,763
Round01-Hive02-2024_06_24-h02b12.JPG,226356.0,398,FWL,189197,2413
Round01-Hive02-2024_06_24-h02b12.JPG,226356.0,398,MC,24377,918
Round01-Hive02-2024_06_24-h02b12.JPG,226356.0,398,1sMC,7650,389
Round01-Hive02-2024_06_24-h02b12.JPG,226356.0,398,2sMC,9200,420
Round01-Hive02-2024_06_24-h02b12.JPG,226356.0,398,3sMC,10744,420
Round01-Hive02-2024_06_24-h02b12.JPG,226356.0,398,2MdC,28825,826
Round03-hive21-2024_07_17-h21b01.JPG,218036.0,376,FWL,172960,2342
Round03-hive21-2024_07_17-h21b01.JPG,218036.0,376,MC,19967,785
Round03-hive21-2024_07_17-h21b01.JPG,218036.0,376,1sMC,7439,385
Round03-hive21-2024_07_17-h21b01.JPG,218036.0,376,2sMC,8000,392
Round03-hive21-2024_07_17-h21b01.JPG,218036.0,376,3sMC,9168,390
Round03-hive21-2024_07_17-h21b01.JPG,218036.0,376,2MdC,24865,770
Round03-hive22-2024_07_09-h22b26.JPG,289793.0,444,FWL,236298,2380
Round03-hive22-2024_07_09-h22b26.JPG,289793.0,444,MC,25128,920
Round03-hive22-2024_07_09-h22b26.JPG,289793.0,444,1sMC,9023,444
Round03-hive22-2024_07_09-h22b26.JPG,289793.0,444,2sMC,9851,434
Round03-hive22-2024_07_09-h22b26.JPG,289793.0,444,3sMC,11458,438
Round03-hive22-2024_07_09-h22b26.JPG,289793.0,444,2MdC,34076,898
Round03-hive22-2024_07_09-h22b33.JPG,279977.0,444,FWL,231951,2390
Round03-hive22-2024_07_09-h22b33.JPG,279977.0,444,MC,25842,894
Round03-hive22-2024_07_09-h22b33.JPG,279977.0,444,1sMC,8820,418
Round03-hive22-2024_07_09-h22b33.JPG,279977.0,444,2sMC,10178,442
Round03-hive22-2024_07_09-h22b33.JPG,279977.0,444,3sMC,11771,445
Round03-hive22-2024_07_09-h22b33.JPG,279977.0,444,2MdC,33134,883
Round03-hive23-2024_07_16-h23b11.JPG,190993.0,339,FWL,141198,2025
Round03-hive23-2024_07_16-h23b11.JPG,190993.0,339,MC,16662,739
Round03-hive23-2024_07_16-h23b11.JPG,190993.0,339,1sMC,6288,350
Round03-hive23-2024_07_16-h23b11.JPG,190993.0,339,2sMC,6771,361
Round03-hive23-2024_07_16-h23b11.JPG,190993.0,339,3sMC,7851,360
Round03-hive23-2024_07_16-h23b11.JPG,190993.0,339,2MdC,21101,697
Round03-hive24-2024_07_04-h24b02.JPG,272240.0,355,FWL,207924,2426
Round03-hive24-2024_07_04-h24b02.JPG,272240.0,355,MC,28990,1007
Round03-hive24-2024_07_04-h24b02.JPG,272240.0,355,1sMC,10026,445
Round03-hive24-2024_07_04-h24b02.JPG,272240.0,355,2sMC,11800,474
Round03-hive24-2024_07_04-h24b02.JPG,272240.0,355,3sMC,13808,477
Round03-hive24-2024_07_04-h24b02.JPG,272240.0,355,2MdC,33923,923
Round03-hive24-2024_07_04-h24b07.JPG,216365.0,388,FWL,186776,2215
Round03-hive24-2024_07_04-h24b07.JPG,216365.0,388,MC,20195,855
Round03-hive24-2024_07_04-h24b07.JPG,216365.0,388,1sMC,7266,380
Round03-hive24-2024_07_04-h24b07.JPG,216365.0,388,2sMC,8020,389
Round03-hive24-2024_07_04-h24b07.JPG,216365.0,388,3sMC,9761,404
Round03-hive24-2024_07_04-h24b07.JPG,216365.0,388,2MdC,26443,781
Round03-hive24-2024_07_04-h24b14.JPG,276531.0,418,FWL,216405,2264
Round03-hive24-2024_07_04-h24b14.JPG,276531.0,418,MC,24752,877
Round03-hive24-2024_07_04-h24b14.JPG,276531.0,418,1sMC,9097,420
Round03-hive24-2024_07_04-h24b14.JPG,276531.0,418,2sMC,8862,408
Round03-hive24-2024_07_04-h24b14.JPG,276531.0,418,3sMC,11348,437
Round03-hive24-2024_07_04-h24b14.JPG,276531.0,418,2MdC,30429,837
Round03-hive24-2024_07_10-h24b02.JPG,237921.0,346,FWL,193981,2550
Round03-hive24-2024_07_10-h24b02.JPG,237921.0,346,MC,27567,967
Round03-hive24-2024_07_10-h24b02.JPG,237921.0,346,1sMC,9315,433
Round03-hive24-2024_07_10-h24b02.JPG,237921.0,346,2sMC,11041,457
Round03-hive24-2024_07_10-h24b02.JPG,237921.0,346,3sMC,13277,472
Round03-hive24-2024_07_10-h24b02.JPG,237921.0,346,2MdC,33878,901
Round03-hive24-2024_07_10-h24b16.JPG,258833.0,389,FWL,187298,2097
Round03-hive24-2024_07_10-h24b16.JPG,258833.0,389,MC,22226,812
Round03-hive24-2024_07_10-h24b16.JPG,258833.0,389,1sMC,7661,378
Round03-hive24-2024_07_10-h24b16.JPG,258833.0,389,2sMC,7956,388
Round03-hive24-2024_07_10-h24b16.JPG,258833.0,389,3sMC,10032,412
Round03-hive24-2024_07_10-h24b16.JPG,258833.0,389,2MdC,26233,779
Round03-hive24-2024_07_18-h24b02.JPG,248384.0,355,FWL,205958,2453
Round03-hive24-2024_07_18-h24b02.JPG,248384.0,355,MC,28602,976
Round03-hive24-2024_07_18-h24b02.JPG,248384.0,355,1sMC,9290,447
Round03-hive24-2024_07_18-h24b02.JPG,248384.0,355,2sMC,11251,465
Round03-hive24-2024_07_18-h24b02.JPG,248384.0,355,3sMC,13645,479
Round03-hive24-2024_07_18-h24b02.JPG,248384.0,355,2MdC,34636,915
Round01-Hive01-2024_06_05-h01bee16.JPG,129975.5,314,FWL,117818,1736
Round01-Hive01-2024_06_05-h01bee16.JPG,129975.5,314,MC,14661,670
Round01-Hive01-2024_06_05-h01bee16.JPG,129975.5,314,1sMC,4735,317
Round01-Hive01-2024_06_05-h01bee16.JPG,129975.5,314,2sMC,5069,315
Round01-Hive01-2024_06_05-h01bee16.JPG,129975.5,314,3sMC,6182,322
Round01-Hive01-2024_06_05-h01bee16.JPG,129975.5,314,2MdC,15975,636
Round01-Hive01-2024_06_05-h01bee21.JPG,176031.5,406,FWL,167860,2410
Round01-Hive01-2024_06_05-h01bee21.JPG,176031.5,406,MC,20253,894
Round01-Hive01-2024_06_05-h01bee21.JPG,176031.5,406,1sMC,7087,413
Round01-Hive01-2024_06_05-h01bee21.JPG,176031.5,406,2sMC,7140,409
Round01-Hive01-2024_06_05-h01bee21.JPG,176031.5,406,3sMC,8254,444
Round01-Hive01-2024_06_05-h01bee21.JPG,176031.5,406,2MdC,23389,866
Round01-Hive01-2024_06_05-h01bee51.JPG,164803.5,370,FWL,159272,2454
Round01-Hive01-2024_06_05-h01bee51.JPG,164803.5,370,MC,20909,835
Round01-Hive01-2024_06_05-h01bee51.JPG,164803.5,370,1sMC,7045,388
Round01-Hive01-2024_06_05-h01bee51.JPG,164803.5,370,2sMC,6852,365
Round01-Hive01-2024_06_05-h01bee51.JPG,164803.5,370,3sMC,7747,370
Round01-Hive01-2024_06_05-h01bee51.JPG,164803.5,370,2MdC,22269,729
Round01-Hive01-2024_06_11-h01b21.JPG,254495.5,445,FWL,245952,2704
Round01-Hive01-2024_06_11-h01b21.JPG,254495.5,445,MC,23026,926
Round01-Hive01-2024_06_11-h01b21.JPG,254495.5,445,1sMC,8557,467
Round01-Hive01-2024_06_11-h01b21.JPG,254495.5,445,2sMC,10368,468
Round01-Hive01-2024_06_11-h01b21.JPG,254495.5,445,3sMC,12212,457
Round01-Hive01-2024_06_11-h01b21.JPG,254495.5,445,2MdC,31862,886
Round01-Hive01-2024_06_11-h01b40.JPG,190666.5,362,FWL,161681,2001
Round01-Hive01-2024_06_11-h01b40.JPG,190666.5,362,MC,19622,765
Round01-Hive01-2024_06_11-h01b40.JPG,190666.5,362,1sMC,6217,382
Round01-Hive01-2024_06_11-h01b40.JPG,190666.5,362,2sMC,6570,371
Round01-Hive01-2024_06_11-h01b40.JPG,190666.5,362,3sMC,7450,370
Round01-Hive01-2024_06_11-h01b40.JPG,190666.5,362,2MdC,22626,725
Round01-Hive01-2024_06_19-h01b01.JPG,153931.0,328,FWL,126129,2053
Round01-Hive01-2024_06_19-h01b01.JPG,153931.0,328,MC,14101,701
Round01-Hive01-2024_06_19-h01b01.JPG,153931.0,328,1sMC,5060,318
Round01-Hive01-2024_06_19-h01b01.JPG,153931.0,328,2sMC,6035,350
Round01-Hive01-2024_06_19-h01b01.JPG,153931.0,328,3sMC,6948,343
Round01-Hive01-2024_06_19-h01b01.JPG,153931.0,328,2MdC,18329,658
Round01-Hive01-2024_06_19-h01b17.JPG,113036.5,305,FWL,102200,1816
Round01-Hive01-2024_06_19-h01b17.JPG,113036.5,305,MC,11957,652
Round01-Hive01-2024_06_19-h01b17.JPG,113036.5,305,1sMC,4325,294
Round01-Hive01-2024_06_19-h01b17.JPG,113036.5,305,2sMC,4816,306
Round01-Hive01-2024_06_19-h01b17.JPG,113036.5,305,3sMC,5172,291
Round01-Hive01-2024_06_19-h01b17.JPG,113036.5,305,2MdC,14509,580
Round01-Hive01-2024_06_19-h01b32.JPG,122633.5,306,FWL,111255,1938
Round01-Hive01-2024_06_19-h01b32.JPG,122633.5,306,MC,12893,643
Round01-Hive01-2024_06_19-h01b32.JPG,122633.5,306,1sMC,4763,316
Round01-Hive01-2024_06_19-h01b32.JPG,122633.5,306,2sMC,5037,308
Round01-Hive01-2024_06_19-h01b32.JPG,122633.5,306,3sMC,5740,316
Round01-Hive01-2024_06_19-h01b32.JPG,122633.5,306,2MdC,15348,605
Round01-Hive01-2024_06_19-h01b35.JPG,179062.5,347,FWL,141614,2318
Round01-Hive01-2024_06_19-h01b35.JPG,179062.5,347,MC,16399,709
Round01-Hive01-2024_06_19-h01b35.JPG,179062.5,347,1sMC,5883,347
Round01-Hive01-2024_06_19-h01b35.JPG,179062.5,347,2sMC,6336,356
Round01-Hive01-2024_06_19-h01b35.JPG,179062.5,347,3sMC,7279,353
Round01-Hive01-2024_06_19-h01b35.JPG,179062.5,347,2MdC,19850,668
Round01-Hive01-2024_06_19-h01b38.JPG,134487.0,329,FWL,129173,1778
Round01-Hive01-2024_06_19-h01b38.JPG,134487.0,329,MC,15593,723
Round01-Hive01-2024_06_19-h01b38.JPG,134487.0,329,1sMC,5190,325
Round01-Hive01-2024_06_19-h01b38.JPG,134487.0,329,2sMC,5913,338
Round01-Hive01-2024_06_19-h01b38.JPG,134487.0,329,3sMC,6797,336
Round01-Hive01-2024_06_19-h01b38.JPG,134487.0,329,2MdC,17504,641
Round01-Hive04-2024_06_07-h04bee11.JPG,141974.0,338,FWL,140248,2262
Round01-Hive04-2024_06_07-h04bee11.JPG,141974.0,338,MC,18080,762
Round01-Hive04-2024_06_07-h04bee11.JPG,141974.0,338,1sMC,5531,358
Round01-Hive04-2024_06_07-h04bee11.JPG,141974.0,338,2sMC,5562,342
Round01-Hive04-2024_06_07-h04bee11.JPG,141974.0,338,3sMC,6953,348
Round01-Hive04-2024_06_07-h04bee11.JPG,141974.0,338,2MdC,19331,695
Round01-Hive04-2024_06_07-h04bee18.JPG,123904.0,301,FWL,113743,2083
Round01-Hive04-2024_06_07-h04bee18.JPG,123904.0,301,MC,14875,723
Round01-Hive04-2024_06_07-h04bee18.JPG,123904.0,301,1sMC,4052,332
Round01-Hive04-2024_06_07-h04bee18.JPG,123904.0,301,2sMC,4502,289
Round01-Hive04-2024_06_07-h04bee18.JPG,123904.0,301,3sMC,6160,316
Round01-Hive04-2024_06_07-h04bee18.JPG,123904.0,301,2MdC,15265,617
Round01-Hive04-2024_06_07-h04bee34.JPG,154115.0,337,FWL,135984,1996
Round01-Hive04-2024_06_07-h04bee34.JPG,154115.0,337,MC,18579,740
Round01-Hive04-2024_06_07-h04bee34.JPG,154115.0,337,1sMC,5650,340
Round01-Hive04-2024_06_07-h04bee34.JPG,154115.0,337,2sMC,5850,338
Round01-Hive04-2024_06_07-h04bee34.JPG,154115.0,337,3sMC,7296,348
Round01-Hive04-2024_06_07-h04bee34.JPG,154115.0,337,2MdC,20317,705
Round01-Hive04-2024_06_12-h04b02.JPG,216707.0,368,FWL,173377,2204
Round01-Hive04-2024_06_12-h04b02.JPG,216707.0,368,MC,20901,844
Round01-Hive04-2024_06_12-h04b02.JPG,216707.0,368,1sMC,6997,410
Round01-Hive04-2024_06_12-h04b02.JPG,216707.0,368,2sMC,7796,392
Round01-Hive04-2024_06_12-h04b02.JPG,216707.0,368,3sMC,8674,382
Round01-Hive04-2024_06_12-h04b02.JPG,216707.0,368,2MdC,24439,775
Round01-Hive04-2024_06_12-h04b50.JPG,176244.0,349,FWL,145488,2032
Round01-Hive04-2024_06_12-h04b50.JPG,176244.0,349,MC,17422,806
Round01-Hive04-2024_06_12-h04b50.JPG,176244.0,349,1sMC,6112,354
Round01-Hive04-2024_06_12-h04b50.JPG,176244.0,349,2sMC,6514,355
Round01-Hive04-2024_06_12-h04b50.JPG,176244.0,349,3sMC,7742,358
Round01-Hive04-2024_06_12-h04b50.JPG,176244.0,349,2MdC,20853,700
Round01-Hive04-2024_06_17-h04b05.JPG,175697.0,354,FWL,138328,2006
Round01-Hive04-2024_06_17-h04b05.JPG,175697.0,354,MC,17768,759
Round01-Hive04-2024_06_17-h04b05.JPG,175697.0,354,1sMC,6554,360
Round01-Hive04-2024_06_17-h04b05.JPG,175697.0,354,2sMC,6776,361
Round01-Hive04-2024_06_17-h04b05.JPG,175697.0,354,3sMC,8137,367
Round01-Hive04-2024_06_17-h04b05.JPG,175697.0,354,2MdC,22786,723
Round01-Hive04-2024_06_17-h04b13.JPG,215918.0,397,FWL,184246,2265
Round01-Hive04-2024_06_17-h04b13.JPG,215918.0,397,MC,24097,876
Round01-Hive04-2024_06_17-h04b13.JPG,215918.0,397,1sMC,8014,402
Round01-Hive04-2024_06_17-h04b13.JPG,215918.0,397,2sMC,8446,404
Round01-Hive04-2024_06_17-h04b13.JPG,215918.0,397,3sMC,10387,417
Round01-Hive04-2024_06_17-h04b13.JPG,215918.0,397,2MdC,28395,828
Round01-Hive04-2024_06_17-h04b44.JPG,184563.0,358,FWL,151982,2083
Round01-Hive04-2024_06_17-h04b44.JPG,184563.0,358,MC,19618,779
Round01-Hive04-2024_06_17-h04b44.JPG,184563.0,358,1sMC,6074,355
Round01-Hive04-2024_06_17-h04b44.JPG,184563.0,358,2sMC,7251,374
Round01-Hive04-2024_06_17-h04b44.JPG,184563.0,358,3sMC,8361,375
Round01-Hive04-2024_06_17-h04b44.JPG,184563.0,358,2MdC,21550,727
Round01-Hive04-2024_06_26-h04b01.JPG,204768.0,397,FWL,190232,2382
Round01-Hive04-2024_06_26-h04b01.JPG,204768.0,397,MC,24692,941
Round01-Hive04-2024_06_26-h04b01.JPG,204768.0,397,1sMC,7653,395
Round01-Hive04-2024_06_26-h04b01.JPG,204768.0,397,2sMC,8898,421
Round01-Hive04-2024_06_26-h04b01.JPG,204768.0,397,3sMC,11314,437
Round01-Hive04-2024_06_26-h04b01.JPG,204768.0,397,2MdC,28505,816
Round02-hive13-2024_07_02-h13b03.JPG,275934.0,442,FWL,226877,2516
Round02-hive13-2024_07_02-h13b03.JPG,275934.0,442,MC,26730,932
Round02-hive13-2024_07_02-h13b03.JPG,275934.0,442,1sMC,9245,441
Round02-hive13-2024_07_02-h13b03.JPG,275934.0,442,2sMC,10193,444
Round02-hive13-2024_07_02-h13b03.JPG,275934.0,442,3sMC,12557,459
Round02-hive13-2024_07_02-h13b03.JPG,275934.0,442,2MdC,32374,889
Round02-hive13-2024_07_09-h13b01.JPG,126919.0,298,FWL,99486,1611
Round02-hive13-2024_07_09-h13b01.JPG,126919.0,298,MC,13175,629
Round02-hive13-2024_07_09-h13b01.JPG,126919.0,298,1sMC,4452,297
Round02-hive13-2024_07_09-h13b01.JPG,126919.0,298,2sMC,5018,311
Round02-hive13-2024_07_09-h13b01.JPG,126919.0,298,3sMC,5782,307
Round02-hive13-2024_07_09-h13b01.JPG,126919.0,298,2MdC,13757,574
Round02-hive14-2024_06_20-h14b42.JPG,236157.0,421,FWL,209655,2279
Round02-hive14-2024_06_20-h14b42.JPG,236157.0,421,MC,24856,951
Round02-hive14-2024_06_20-h14b42.JPG,236157.0,421,1sMC,8098,405
Round02-hive14-2024_06_20-h14b42.JPG,236157.0,421,2sMC,8842,414
Round02-hive14-2024_06_20-h14b42.JPG,236157.0,421,3sMC,11621,443
Round02-hive14-2024_06_20-h14b42.JPG,236157.0,421,2MdC,28303,823
Round02-hive14-2024_06_27-h14b21.JPG,207473.0,395,FWL,194979,2173
Round02-hive14-2024_06_27-h14b21.JPG,207473.0,395,MC,24232,869
Round02-hive14-2024_06_27-h14b21.JPG,207473.0,395,1sMC,7340,385
Round02-hive14-2024_06_27-h14b21.JPG,207473.0,395,2sMC,8712,415
Round02-hive14-2024_06_27-h14b21.JPG,207473.0,395,3sMC,10139,418
Round02-hive14-2024_06_27-h14b21.JPG,207473.0,395,2MdC,27452,816
Round02-hive14-2024_07_04-h14b02.JPG,187281.0,370,FWL,167613,2074
Round02-hive14-2024_07_04-h14b02.JPG,187281.0,370,MC,20463,839
Round02-hive14-2024_07_04-h14b02.JPG,187281.0,370,1sMC,6226,357
Round02-hive14-2024_07_04-h14b02.JPG,187281.0,370,2sMC,7346,368
Round02-hive14-2024_07_04-h14b02.JPG,187281.0,370,3sMC,9145,391
Round02-hive14-2024_07_04-h14b02.JPG,187281.0,370,2MdC,23191,746
Round02-hive14-2024_07_04-h14b22.JPG,265435.0,441,FWL,244210,2533
Round02-hive14-2024_07_04-h14b22.JPG,265435.0,441,MC,28345,987
Round02-hive14-2024_07_04-h14b22.JPG,265435.0,441,1sMC,9225,487
Round02-hive14-2024_07_04-h14b22.JPG,265435.0,441,2sMC,10996,464
Round02-hive14-2024_07_04-h14b22.JPG,265435.0,441,3sMC,13104,469
Round02-hive14-2024_07_04-h14b22.JPG,265435.0,441,2MdC,34451,910
Round02-hive14-2024_07_12-h14b39.JPG,302612.0,436,FWL,234170,2413
Round02-hive14-2024_07_12-h14b39.JPG,302612.0,436,MC,25562,925
Round02-hive14-2024_07_12-h14b39.JPG,302612.0,436,1sMC,8522,419
Round02-hive14-2024_07_12-h14b39.JPG,302612.0,436,2sMC,10199,454
Round02-hive14-2024_07_12-h14b39.JPG,302612.0,436,3sMC,11893,447
Round02-hive14-2024_07_12-h14b39.JPG,302612.0,436,2MdC,32015,886
Round02-hive15-2024_06_21-h15b11.JPG,293318.0,471,FWL,269999,2586
Round02-hive15-2024_06_21-h15b11.JPG,293318.0,471,MC,28080,954
Round02-hive15-2024_06_21-h15b11.JPG,293318.0,471,1sMC,10224,455
Round02-hive15-2024_06_21-h15b11.JPG,293318.0,471,2sMC,13038,511
Round02-hive15-2024_06_21-h15b11.JPG,293318.0,471,3sMC,14383,490
Round02-hive15-2024_06_21-h15b11.JPG,293318.0,471,2MdC,37767,966
Round02-hive15-2024_06_25-h15b11.JPG,334375.0,483,FWL,283896,2836
Round02-hive15-2024_06_25-h15b11.JPG,334375.0,483,MC,29536,1004
Round02-hive15-2024_06_25-h15b11.JPG,334375.0,483,1sMC,10240,461
Round02-hive15-2024_06_25-h15b11.JPG,334375.0,483,2sMC,13417,517
Round02-hive15-2024_06_25-h15b11.JPG,334375.0,483,3sMC,14655,493
Round02-hive15-2024_06_25-h15b11.JPG,334375.0,483,2MdC,39470,983
Round02-hive15-2024_07_03-h15b04.JPG,276672.0,459,FWL,257400,2707
Round02-hive15-2024_07_03-h15b04.JPG,276672.0,459,MC,27913,1019
Round02-hive15-2024_07_03-h15b04.JPG,276672.0,459,1sMC,9925,457
Round02-hive15-2024_07_03-h15b04.JPG,276672.0,459,2sMC,12374,498
Round02-hive15-2024_07_03-h15b04.JPG,276672.0,459,3sMC,13219,467
Round02-hive15-2024_07_03-h15b04.JPG,276672.0,459,2MdC,37299,949
Round01-Hive02-2024_06_24-h02b36.JPG,167244.0,372,FWL,172983,2249
Round01-Hive02-2024_06_24-h02b36.JPG,167244.0,372,MC,22364,823
Round01-Hive02-2024_06_24-h02b36.JPG,167244.0,372,1sMC,6871,370
Round01-Hive02-2024_06_24-h02b36.JPG,167244.0,372,2sMC,8275,398
Round01-Hive02-2024_06_24-h02b36.JPG,167244.0,372,3sMC,8851,390
Round01-Hive02-2024_06_24-h02b36.JPG,167244.0,372,2MdC,21438,759
Round01-Hive03-2024_06_06-h03bee15.JPG,249295.0,416,FWL,196373,2265
Round01-Hive03-2024_06_06-h03bee15.JPG,249295.0,416,MC,21343,801
Round01-Hive03-2024_06_06-h03bee15.JPG,249295.0,416,1sMC,7609,396
Round01-Hive03-2024_06_06-h03bee15.JPG,249295.0,416,2sMC,7891,429
Round01-Hive03-2024_06_06-h03bee15.JPG,249295.0,416,3sMC,9543,396
Round01-Hive03-2024_06_06-h03bee15.JPG,249295.0,416,2MdC,25170,788
Round01-Hive03-2024_06_06-h03bee17.JPG,214647.0,396,FWL,185129,2122
Round01-Hive03-2024_06_06-h03bee17.JPG,214647.0,396,MC,20223,779
Round01-Hive03-2024_06_06-h03bee17.JPG,214647.0,396,1sMC,7057,379
Round01-Hive03-2024_06_06-h03bee17.JPG,214647.0,396,2sMC,7982,395
Round01-Hive03-2024_06_06-h03bee17.JPG,214647.0,396,3sMC,9301,385
Round01-Hive03-2024_06_06-h03bee17.JPG,214647.0,396,2MdC,25176,766
Round01-Hive03-2024_06_14-h03b03.JPG,195353.0,406,FWL,197710,2310
Round01-Hive03-2024_06_14-h03b03.JPG,195353.0,406,MC,24891,884
Round01-Hive03-2024_06_14-h03b03.JPG,195353.0,406,1sMC,7666,395
Round01-Hive03-2024_06_14-h03b03.JPG,195353.0,406,2sMC,8931,419
Round01-Hive03-2024_06_14-h03b03.JPG,195353.0,406,3sMC,10455,415
Round01-Hive03-2024_06_14-h03b03.JPG,195353.0,406,2MdC,28138,815
Round01-Hive03-2024_06_14-h03b42.JPG,138006.0,333,FWL,135236,1866
Round01-Hive03-2024_06_14-h03b42.JPG,138006.0,333,MC,16352,748
Round01-Hive03-2024_06_14-h03b42.JPG,138006.0,333,1sMC,5101,319
Round01-Hive03-2024_06_14-h03b42.JPG,138006.0,333,2sMC,6580,350
Round01-Hive03-2024_06_14-h03b42.JPG,138006.0,333,3sMC,6737,331
Round01-Hive03-2024_06_14-h03b42.JPG,138006.0,333,2MdC,18999,671
Round01-Hive03-2024_06_20-h03b73.JPG,115036.0,321,FWL,114311,1822
Round01-Hive03-2024_06_20-h03b73.JPG,115036.0,321,MC,14793,701
Round01-Hive03-2024_06_20-h03b73.JPG,115036.0,321,1sMC,4541,307
Round01-Hive03-2024_06_20-h03b73.JPG,115036.0,321,2sMC,5685,324
Round01-Hive03-2024_06_20-h03b73.JPG,115036.0,321,3sMC,5578,303
Round01-Hive03-2024_06_20-h03b73.JPG,115036.0,321,2MdC,14372,612
Round01-Hive03-2024_06_20-IMG_0016.JPG,225067.0,388,FWL,186311,2228
Round01-Hive03-2024_06_20-IMG_0016.JPG,225067.0,388,MC,21359,818
Round01-Hive03-2024_06_20-IMG_0016.JPG,225067.0,388,1sMC,7197,375
Round01-Hive03-2024_06_20-IMG_0016.JPG,225067.0,388,2sMC,8866,413
Round01-Hive03-2024_06_20-IMG_0016.JPG,225067.0,388,3sMC,9575,396
Round01-Hive03-2024_06_20-IMG_0016.JPG,225067.0,388,2MdC,26332,800
Round01-Hive03-2024_06_25-h03b10.JPG,172350.0,341,FWL,142586,2224
Round01-Hive03-2024_06_25-h03b10.JPG,172350.0,341,MC,17178,709
Round01-Hive03-2024_06_25-h03b10.JPG,172350.0,341,1sMC,5580,331
Round01-Hive03-2024_06_25-h03b10.JPG,172350.0,341,2sMC,6676,357
Round01-Hive03-2024_06_25-h03b10.JPG,172350.0,341,3sMC,7221,345
Round01-Hive03-2024_06_25-h03b10.JPG,172350.0,341,2MdC,19194,679
Round01-Hive04-2024_06_07-h04bee03.JPG,193009.0,393,FWL,187717,2435
Round01-Hive04-2024_06_07-h04bee03.JPG,193009.0,393,MC,25693,854
Round01-Hive04-2024_06_07-h04bee03.JPG,193009.0,393,1sMC,7924,408
Round01-Hive04-2024_06_07-h04bee03.JPG,193009.0,393,2sMC,8202,413
Round01-Hive04-2024_06_07-h04bee03.JPG,193009.0,393,3sMC,9527,394
Round01-Hive04-2024_06_07-h04bee03.JPG,193009.0,393,2MdC,26211,833
Round01-Hive04-2024_06_07-h04bee05.JPG,175724.0,359,FWL,150144,2288
Round01-Hive04-2024_06_07-h04bee05.JPG,175724.0,359,MC,19812,762
Round01-Hive04-2024_06_07-h04bee05.JPG,175724.0,359,1sMC,6460,369
Round01-Hive04-2024_06_07-h04bee05.JPG,175724.0,359,2sMC,6712,368
Round01-Hive04-2024_06_07-h04bee05.JPG,175724.0,359,3sMC,8062,366
Round01-Hive04-2024_06_07-h04bee05.JPG,175724.0,359,2MdC,22978,737
Round01-Hive04-2024_06_26-h04b26.JPG,128064.0,299,FWL,85575,1799
Round01-Hive04-2024_06_26-h04b26.JPG,128064.0,299,MC,15087,652
Round01-Hive04-2024_06_26-h04b26.JPG,128064.0,299,1sMC,4640,300
Round01-Hive04-2024_06_26-h04b26.JPG,128064.0,299,2sMC,4884,303
Round01-Hive04-2024_06_26-h04b26.JPG,128064.0,299,3sMC,5702,342
Round01-Hive04-2024_06_26-h04b26.JPG,128064.0,299,2MdC,16337,617
Round01-Hive05-2024_06_06-h05bee14.JPG,273684.0,426,FWL,210514,2361
Round01-Hive05-2024_06_06-h05bee14.JPG,273684.0,426,MC,24824,878
Round01-Hive05-2024_06_06-h05bee14.JPG,273684.0,426,1sMC,8074,401
Round01-Hive05-2024_06_06-h05bee14.JPG,273684.0,426,2sMC,9127,420
Round01-Hive05-2024_06_06-h05bee14.JPG,273684.0,426,3sMC,10084,411
Round01-Hive05-2024_06_06-h05bee14.JPG,273684.0,426,2MdC,28262,805
Round01-Hive05-2024_06_06-h05bee37.JPG,225472.0,409,FWL,178170,2698
Round01-Hive05-2024_06_06-h05bee37.JPG,225472.0,409,MC,20629,797
Round01-Hive05-2024_06_06-h05bee37.JPG,225472.0,409,1sMC,7948,400
Round01-Hive05-2024_06_06-h05bee37.JPG,225472.0,409,2sMC,7883,397
Round01-Hive05-2024_06_06-h05bee37.JPG,225472.0,409,3sMC,8940,376
Round01-Hive05-2024_06_06-h05bee37.JPG,225472.0,409,2MdC,25626,768
Round01-Hive05-2024_06_28-h05b87.JPG,131556.0,317,FWL,118150,1688
Round01-Hive05-2024_06_28-h05b87.JPG,131556.0,317,MC,16722,708
Round01-Hive05-2024_06_28-h05b87.JPG,131556.0,317,1sMC,4361,300
Round01-Hive05-2024_06_28-h05b87.JPG,131556.0,317,2sMC,5175,321
Round01-Hive05-2024_06_28-h05b87.JPG,131556.0,317,3sMC,5506,303
Round01-Hive05-2024_06_28-h05b87.JPG,131556.0,317,2MdC,16585,622
Round02-hive11-2024_06_18-h11b04.JPG,256957.0,440,FWL,223225,2735
Round02-hive11-2024_06_18-h11b04.JPG,256957.0,440,MC,24268,1078
Round02-hive11-2024_06_18-h11b04.JPG,256957.0,440,1sMC,8930,424
Round02-hive11-2024_06_18-h11b04.JPG,256957.0,440,2sMC,10700,458
Round02-hive11-2024_06_18-h11b04.JPG,256957.0,440,3sMC,11136,425
Round02-hive11-2024_06_18-h11b04.JPG,256957.0,440,2MdC,30511,877
Round02-hive11-2024_06_26-h11b03.JPG,317471.0,456,FWL,271780,2603
Round02-hive11-2024_06_26-h11b03.JPG,317471.0,456,MC,26379,945
Round02-hive11-2024_06_26-h11b03.JPG,317471.0,456,1sMC,10386,460
Round02-hive11-2024_06_26-h11b03.JPG,317471.0,456,2sMC,12213,488
Round02-hive11-2024_06_26-h11b03.JPG,317471.0,456,3sMC,13564,475
Round02-hive11-2024_06_26-h11b03.JPG,317471.0,456,2MdC,36970,968
Round02-hive11-2024_06_26-h11b24.JPG,204820.0,391,FWL,188460,2103
Round02-hive11-2024_06_26-h11b24.JPG,204820.0,391,MC,22466,833
Round02-hive11-2024_06_26-h11b24.JPG,204820.0,391,1sMC,7763,403
Round02-hive11-2024_06_26-h11b24.JPG,204820.0,391,2sMC,8553,410
Round02-hive11-2024_06_26-h11b24.JPG,204820.0,391,3sMC,9903,409
Round02-hive11-2024_06_26-h11b24.JPG,204820.0,391,2MdC,25384,775
Round02-hive11-2024_07_01-h11b10.JPG,325323.0,457,FWL,258760,2627
Round02-hive11-2024_07_01-h11b10.JPG,325323.0,457,MC,28934,990
Round02-hive11-2024_07_01-h11b10.JPG,325323.0,457,1sMC,10581,474
Round02-hive11-2024_07_01-h11b10.JPG,325323.0,457,2sMC,12347,489
Round02-hive11-2024_07_01-h11b10.JPG,325323.0,457,3sMC,14232,485
Round02-hive11-2024_07_01-h11b10.JPG,325323.0,457,2MdC,37114,953
Round02-hive13-2024_06_28-h13b04.JPG,189931.0,356,FWL,146468,1989
Round02-hive13-2024_06_28-h13b04.JPG,189931.0,356,MC,18253,788
Round02-hive13-2024_06_28-h13b04.JPG,189931.0,356,1sMC,6360,361
Round02-hive13-2024_06_28-h13b04.JPG,189931.0,356,2sMC,7178,363
Round02-hive13-2024_06_28-h13b04.JPG,189931.0,356,3sMC,8288,369
Round02-hive13-2024_06_28-h13b04.JPG,189931.0,356,2MdC,21782,729
Round02-hive13-2024_06_28-h13b37.JPG,156868.0,315,FWL,122251,1735
Round02-hive13-2024_06_28-h13b37.JPG,156868.0,315,MC,14642,666
Round02-hive13-2024_06_28-h13b37.JPG,156868.0,315,1sMC,5435,322
Round02-hive13-2024_06_28-h13b37.JPG,156868.0,315,2sMC,5514,327
Round02-hive13-2024_06_28-h13b37.JPG,156868.0,315,3sMC,6405,329
Round02-hive13-2024_06_28-h13b37.JPG,156868.0,315,2MdC,16388,615
Round04-hive32-2024_07_29-h32b30.JPG,206982.0,348,FWL,152386,1950
Round04-hive32-2024_07_29-h32b30.JPG,206982.0,348,MC,18332,742
Round04-hive32-2024_07_29-h32b30.JPG,206982.0,348,1sMC,6604,357
Round04-hive32-2024_07_29-h32b30.JPG,206982.0,348,2sMC,6521,352
Round04-hive32-2024_07_29-h32b30.JPG,206982.0,348,3sMC,7821,361
Round04-hive32-2024_07_29-h32b30.JPG,206982.0,348,2MdC,21672,713
Round04-hive32-2024_08_05-h32b18.JPG,255716.0,391,FWL,196812,2161
Round04-hive32-2024_08_05-h32b18.JPG,255716.0,391,MC,23196,841
Round04-hive32-2024_08_05-h32b18.JPG,255716.0,391,1sMC,6876,371
Round04-hive32-2024_08_05-h32b18.JPG,255716.0,391,2sMC,8419,392
Round04-hive32-2024_08_05-h32b18.JPG,255716.0,391,3sMC,9470,391
Round04-hive32-2024_08_05-h32b18.JPG,255716.0,391,2MdC,26583,785
Round04-hive33-2024_08_02-h33b03.JPG,137918.0,289,FWL,87985,1819
Round04-hive33-2024_08_02-h33b03.JPG,137918.0,289,MC,13888,644
Round04-hive33-2024_08_02-h33b03.JPG,137918.0,289,1sMC,5139,316
Round04-hive33-2024_08_02-h33b03.JPG,137918.0,289,2sMC,4821,303
Round04-hive33-2024_08_02-h33b03.JPG,137918.0,289,3sMC,5766,307
Round04-hive33-2024_08_02-h33b03.JPG,137918.0,289,2MdC,14814,587
Round04-hive34-2024_08_01-h34b37.JPG,209697.0,393,FWL,184541,2332
Round04-hive34-2024_08_01-h34b37.JPG,209697.0,393,MC,21354,809
Round04-hive34-2024_08_01-h34b37.JPG,209697.0,393,1sMC,7431,387
Round04-hive34-2024_08_01-h34b37.JPG,209697.0,393,2sMC,8019,397
Round04-hive34-2024_08_01-h34b37.JPG,209697.0,393,3sMC,9252,388
Round04-hive34-2024_08_01-h34b37.JPG,209697.0,393,2MdC,25982,792
Round04-hive35-2024_07_23-h35b22.JPG,322042.0,461,FWL,268180,2552
Round04-hive35-2024_07_23-h35b22.JPG,322042.0,461,MC,27190,963
Round04-hive35-2024_07_23-h35b22.JPG,322042.0,461,1sMC,9804,455
Round04-hive35-2024_07_23-h35b22.JPG,322042.0,461,2sMC,11263,468
Round04-hive35-2024_07_23-h35b22.JPG,322042.0,461,3sMC,13615,475
Round04-hive35-2024_07_23-h35b22.JPG,322042.0,461,2MdC,36574,938
Round04-hive35-2024_07_23-h35b42.JPG,354725.0,480,FWL,292072,2682
Round04-hive35-2024_07_23-h35b42.JPG,354725.0,480,MC,30698,987
Round04-hive35-2024_07_23-h35b42.JPG,354725.0,480,1sMC,10205,454
Round04-hive35-2024_07_23-h35b42.JPG,354725.0,480,2sMC,12269,487
Round04-hive35-2024_07_23-h35b42.JPG,354725.0,480,3sMC,14013,482
Round04-hive35-2024_07_23-h35b42.JPG,354725.0,480,2MdC,39067,973
Round03-hive24-2024_07_25-h24b02.JPG,237260.0,352,FWL,202368,2419
Round03-hive24-2024_07_25-h24b02.JPG,237260.0,352,MC,28473,972
Round03-hive24-2024_07_25-h24b02.JPG,237260.0,352,1sMC,9258,437
Round03-hive24-2024_07_25-h24b02.JPG,237260.0,352,2sMC,11440,466
Round03-hive24-2024_07_25-h24b02.JPG,237260.0,352,3sMC,13865,480
Round03-hive24-2024_07_25-h24b02.JPG,237260.0,352,2MdC,33931,901
Round03-hive25-2024_07_19-h25b20.JPG,250430.0,411,FWL,206548,2842
Round03-hive25-2024_07_19-h25b20.JPG,250430.0,411,MC,21851,864
Round03-hive25-2024_07_19-h25b20.JPG,250430.0,411,1sMC,8068,405
Round03-hive25-2024_07_19-h25b20.JPG,250430.0,411,2sMC,9443,437
Round03-hive25-2024_07_19-h25b20.JPG,250430.0,411,3sMC,11267,434
Round03-hive25-2024_07_19-h25b20.JPG,250430.0,411,2MdC,30902,866
Round03-hive25-2024_07_24-h25b27.JPG,357322.0,456,FWL,283409,2656
Round03-hive25-2024_07_24-h25b27.JPG,357322.0,456,MC,28300,1009
Round03-hive25-2024_07_24-h25b27.JPG,357322.0,456,1sMC,9768,451
Round03-hive25-2024_07_24-h25b27.JPG,357322.0,456,2sMC,10534,456
Round03-hive25-2024_07_24-h25b27.JPG,357322.0,456,3sMC,13353,472
Round03-hive25-2024_07_24-h25b27.JPG,357322.0,456,2MdC,37332,951
Round04-hive31-2024_07_31-h31b67.JPG,245257.0,399,FWL,183658,2237
Round04-hive31-2024_07_31-h31b67.JPG,245257.0,399,MC,20088,807
Round04-hive31-2024_07_31-h31b67.JPG,245257.0,399,1sMC,7691,387
Round04-hive31-2024_07_31-h31b67.JPG,245257.0,399,2sMC,8468,400
Round04-hive31-2024_07_31-h31b67.JPG,245257.0,399,3sMC,9451,391
Round04-hive31-2024_07_31-h31b67.JPG,245257.0,399,2MdC,26526,786
Round04-hive32-2024_07_16-h32b18.JPG,240243.0,393,FWL,198325,2197
Round04-hive32-2024_07_16-h32b18.JPG,240243.0,393,MC,23220,810
Round04-hive32-2024_07_16-h32b18.JPG,240243.0,393,1sMC,7316,391
Round04-hive32-2024_07_16-h32b18.JPG,240243.0,393,2sMC,8263,394
Round04-hive32-2024_07_16-h32b18.JPG,240243.0,393,3sMC,9788,399
Round04-hive32-2024_07_16-h32b18.JPG,240243.0,393,2MdC,27539,792
Round04-hive32-2024_07_16-h32b31.JPG,226502.0,380,FWL,176974,2208
Round04-hive32-2024_07_16-h32b31.JPG,226502.0,380,MC,20108,807
Round04-hive32-2024_07_16-h32b31.JPG,226502.0,380,1sMC,7419,387
Round04-hive32-2024_07_16-h32b31.JPG,226502.0,380,2sMC,8415,398
Round04-hive32-2024_07_16-h32b31.JPG,226502.0,380,3sMC,8762,380
Round04-hive32-2024_07_16-h32b31.JPG,226502.0,380,2MdC,26424,769
Round04-hive32-2024_07_26-h32b17.JPG,557377.0,616,FWL,179913,2527
Round04-hive32-2024_07_26-h32b17.JPG,557377.0,616,MC,23172,832
Round04-hive32-2024_07_26-h32b17.JPG,557377.0,616,1sMC,8175,409
Round04-hive32-2024_07_26-h32b17.JPG,557377.0,616,2sMC,8441,402
Round04-hive32-2024_07_26-h32b17.JPG,557377.0,616,3sMC,11184,430
Round04-hive32-2024_07_26-h32b17.JPG,557377.0,616,2MdC,29447,823
Round04-hive32-2024_07_26-h32b22.JPG,217186.0,359,FWL,162138,2078
Round04-hive32-2024_07_26-h32b22.JPG,217186.0,359,MC,18364,744
Round04-hive32-2024_07_26-h32b22.JPG,217186.0,359,1sMC,6793,370
Round04-hive32-2024_07_26-h32b22.JPG,217186.0,359,2sMC,6924,366
Round04-hive32-2024_07_26-h32b22.JPG,217186.0,359,3sMC,8371,376
Round04-hive32-2024_07_26-h32b22.JPG,217186.0,359,2MdC,22004,717
Round04-hive32-2024_07_26-h32b25.JPG,198889.0,341,FWL,143025,2109
Round04-hive32-2024_07_26-h32b25.JPG,198889.0,341,MC,17001,716
Round04-hive32-2024_07_26-h32b25.JPG,198889.0,341,1sMC,6158,345
Round04-hive32-2024_07_26-h32b25.JPG,198889.0,341,2sMC,6582,358
Round04-hive32-2024_07_26-h32b25.JPG,198889.0,341,3sMC,7559,353
Round04-hive32-2024_07_26-h32b25.JPG,198889.0,341,2MdC,20048,685
Round04-hive32-2024_07_29-h32b18.JPG,262544.0,393,FWL,200196,2215
Round04-hive32-2024_07_29-h32b18.JPG,262544.0,393,MC,23378,851
Round04-hive32-2024_07_29-h32b18.JPG,262544.0,393,1sMC,7286,384
Round04-hive32-2024_07_29-h32b18.JPG,262544.0,393,2sMC,8623,398
Round04-hive32-2024_07_29-h32b18.JPG,262544.0,393,3sMC,9769,399
Round04-hive32-2024_07_29-h32b18.JPG,262544.0,393,2MdC,27727,799
